City_ID,City,Country,Lat,Lng,Max Temp,Humidity,Cloudiness,Wind Speed,Current Description
0,Ribeira Grande,PT,38.52,-28.7,60.8,77,40,13.87,scattered clouds
1,Butaritari,KI,3.07,172.79,81.25,76,94,15.84,overcast clouds
2,Virginia Beach,US,36.85,-75.98,72.0,73,75,4.7,broken clouds
3,Nakhon Thai,TH,17.1,100.84,72.1,86,0,3.0,clear sky
4,Dubuque,US,42.48,-90.87,71.01,44,7,8.01,clear sky
5,Lincoln,US,40.8,-96.67,73.0,35,1,9.17,clear sky
6,Saint-Philippe,RE,-21.36,55.77,73.4,73,0,14.99,clear sky
7,Puerto Ayora,EC,-0.74,-90.35,75.2,73,75,12.75,broken clouds
8,Avarua,CK,-21.21,-159.78,73.4,88,98,8.77,overcast clouds
9,Vila Velha,BR,-20.33,-40.29,79.0,74,40,16.11,scattered clouds
10,Ushuaia,AR,-54.8,-68.3,55.4,41,20,4.7,few clouds
11,Gouyave,GD,12.16,-61.73,86.0,79,75,19.46,broken clouds
12,Upernavik,GL,72.79,-56.15,1.53,80,14,6.71,few clouds
13,Dawan,CN,24.34,112.95,63.84,73,6,5.97,clear sky
14,Punta Arenas,CL,-53.15,-70.92,55.4,51,40,25.28,scattered clouds
15,Dali,CN,25.7,100.18,50.86,78,0,2.04,clear sky
16,Zacualpan,MX,21.25,-105.17,80.6,42,5,11.41,clear sky
17,Nikolskoye,RU,59.7,30.79,46.4,65,20,11.18,few clouds
18,Rikitea,PF,-23.12,-134.97,71.56,82,51,19.22,broken clouds
19,Mataura,NZ,-46.19,168.86,39.7,93,6,3.02,clear sky
20,Albany,US,42.6,-73.97,72.0,29,7,5.59,clear sky
21,Barrow,US,71.29,-156.79,21.2,85,90,9.17,overcast clouds
22,Athabasca,CA,54.72,-113.29,21.2,73,56,5.82,broken clouds
23,Chuy,UY,-33.7,-53.46,70.02,68,45,14.97,scattered clouds
24,Sao Joao Da Barra,BR,-21.64,-41.05,75.2,69,90,10.29,overcast clouds
25,Bluff,NZ,-46.6,168.33,45.97,83,19,12.28,few clouds
26,Thunder Bay,CA,48.4,-89.32,64.4,42,75,10.29,broken clouds
27,Gull Lake,CA,50.1,-108.48,35.6,65,1,6.93,clear sky
28,Ancud,CL,-41.87,-73.82,59.0,54,0,10.29,clear sky
29,Yellowknife,CA,62.46,-114.35,10.99,92,20,3.36,few clouds
30,Jamestown,US,42.1,-79.24,66.0,51,1,12.75,clear sky
31,Japura,ID,-0.32,102.35,74.64,96,75,2.24,light rain
32,Sinnamary,GF,5.38,-52.95,81.84,83,38,7.83,moderate rain
33,Goderich,CA,43.75,-81.72,59.0,62,100,13.87,overcast clouds
34,Carnarvon,AU,-24.87,113.63,69.8,100,40,12.75,scattered clouds
35,Susanville,US,40.42,-120.65,48.2,47,40,20.8,scattered clouds
36,Tiksi,RU,71.69,128.87,1.6,94,100,2.37,overcast clouds
37,Norman Wells,CA,65.28,-126.83,-0.4,77,75,4.7,broken clouds
38,Kamiiso,JP,41.82,140.65,56.37,73,66,12.24,broken clouds
39,Salalah,OM,17.02,54.09,78.8,61,0,2.24,clear sky
40,San Andres,CO,12.58,-81.7,78.8,94,75,11.41,light intensity drizzle
41,Los Llanos De Aridane,ES,28.66,-17.92,73.4,56,40,6.93,scattered clouds
42,Hermanus,ZA,-34.42,19.23,57.0,82,95,1.01,overcast clouds
43,Mabaruma,GY,8.2,-59.78,81.99,88,47,5.48,moderate rain
44,Worland,US,44.02,-107.96,42.8,60,1,3.36,clear sky
45,Lagoa,PT,39.05,-27.98,60.96,64,86,10.6,overcast clouds
46,Axim,GH,4.87,-2.24,79.83,82,66,5.73,broken clouds
47,Katsuura,JP,35.13,140.3,66.99,76,75,6.93,light rain
48,Ponta Do Sol,PT,32.67,-17.1,68.0,56,20,9.17,few clouds
49,Saint George,US,37.1,-113.58,73.99,18,1,16.11,clear sky
50,Lerwick,GB,60.15,-1.15,48.2,93,20,2.24,few clouds
51,Cayenne,GF,4.93,-52.33,78.8,100,26,5.82,moderate rain
52,Jati,PK,24.35,68.27,75.92,54,0,6.11,clear sky
53,Coihaique,CL,-45.58,-72.07,59.0,47,0,8.05,clear sky
54,East London,ZA,-33.02,27.91,64.4,77,20,17.22,few clouds
55,Severo-Kurilsk,RU,50.68,156.12,35.04,82,77,18.9,broken clouds
56,Buderim,AU,-26.68,153.05,66.99,88,93,1.01,light rain
57,Altay,CN,47.87,88.12,28.65,83,0,1.61,clear sky
58,Castro,BR,-24.79,-50.01,75.65,32,0,3.2,clear sky
59,Saint-Pierre,RE,-21.34,55.48,73.4,73,0,14.99,clear sky
60,Mangai,CD,-4.05,19.53,69.35,98,96,0.43,overcast clouds
61,Port Alfred,ZA,-33.59,26.89,63.1,83,100,22.73,light rain
62,Tautira,PF,-17.73,-149.15,80.6,74,20,14.99,few clouds
63,Strelka,RU,58.07,93.03,15.62,96,93,4.41,overcast clouds
64,Hobart,AU,-42.88,147.33,44.6,82,75,9.17,broken clouds
65,Kapaa,US,22.08,-159.32,71.6,100,40,5.82,scattered clouds
66,Mar Del Plata,AR,-38.0,-57.56,71.6,68,20,12.75,few clouds
67,Cidreira,BR,-30.18,-50.21,70.36,72,3,15.39,clear sky
68,Puerto Triunfo,CO,5.87,-74.64,90.61,53,72,2.53,broken clouds
69,Cape Town,ZA,-33.93,18.42,61.0,87,40,8.05,scattered clouds
70,Mbanza-Ngungu,CD,-5.25,14.87,69.13,95,82,0.63,broken clouds
71,Okhotsk,RU,59.38,143.3,6.44,88,26,21.5,scattered clouds
72,Leningradskiy,RU,69.38,178.42,27.95,98,100,14.94,light snow
73,Ust-Kuyga,RU,70.02,135.6,-24.95,84,92,5.12,overcast clouds
74,Angoram,PG,-4.06,144.07,73.56,98,100,2.26,overcast clouds
75,Canico,PT,32.63,-16.85,68.0,56,20,9.17,few clouds
76,Vaini,TO,-21.2,-175.2,71.6,83,20,4.7,few clouds
77,Xining,CN,36.62,101.77,33.35,72,0,1.95,clear sky
78,Hilo,US,19.73,-155.09,73.99,73,40,4.7,scattered clouds
79,Torun,PL,53.01,18.6,52.0,97,100,6.51,overcast clouds
80,Georgetown,MY,5.41,100.34,78.8,88,20,1.12,light rain
81,Iqaluit,CA,63.75,-68.51,17.6,67,90,20.8,light snow
82,Acarau,BR,-2.89,-40.12,87.42,53,45,20.94,scattered clouds
83,Jumla,NP,29.27,82.18,40.03,63,0,4.21,clear sky
84,Quelimane,MZ,-17.88,36.89,84.2,66,0,17.22,clear sky
85,Ilulissat,GL,69.22,-51.1,8.6,65,20,32.21,few clouds
86,Tasiilaq,GL,65.61,-37.64,26.6,58,20,1.12,few clouds
87,Haines Junction,CA,60.75,-137.51,-0.4,77,78,2.77,broken clouds
88,Upata,VE,8.01,-62.4,85.1,68,60,1.88,light rain
89,Faanui,PF,-16.48,-151.75,79.88,78,32,16.04,scattered clouds
90,Maniitsoq,GL,65.42,-52.9,23.47,76,100,10.85,overcast clouds
91,Longyearbyen,SJ,78.22,15.64,33.8,86,75,13.87,light snow
92,Natal,BR,-5.79,-35.21,86.0,62,75,19.46,broken clouds
93,Qaanaaq,GL,77.48,-69.36,-5.71,75,50,9.17,scattered clouds
94,Tuatapere,NZ,-46.13,167.68,45.41,79,36,6.08,scattered clouds
95,Kruisfontein,ZA,-34.0,24.73,57.0,91,100,1.01,overcast clouds
96,Port Said,EG,31.26,32.28,71.6,73,0,3.36,clear sky
97,Usoke,TZ,-5.17,32.35,82.4,42,20,2.8,few clouds
98,Radomsko,PL,51.07,19.44,46.0,10,100,6.91,overcast clouds
99,Dikson,RU,73.51,80.55,-2.94,90,26,4.81,scattered clouds
100,Arraial Do Cabo,BR,-22.97,-42.03,73.4,78,75,13.87,broken clouds
101,Saint Pete Beach,US,27.73,-82.74,84.0,1,95,3.0,overcast clouds
102,Quatre Cocos,MU,-20.21,57.76,73.99,78,20,5.82,few clouds
103,Naryan-Mar,RU,67.67,53.09,34.86,97,100,4.03,overcast clouds
104,Kodiak,US,57.79,-152.41,33.8,80,1,8.05,clear sky
105,Ostrovnoy,RU,68.05,39.51,34.47,93,100,10.69,light rain
106,Lompoc,US,34.64,-120.46,61.0,77,40,17.22,scattered clouds
107,Cockburn Town,TC,21.46,-71.14,81.28,74,96,17.76,light rain
108,Itarema,BR,-2.92,-39.92,86.54,56,26,19.35,scattered clouds
109,Lavrentiya,RU,65.58,-171.0,35.13,86,95,29.48,overcast clouds
110,Bubaque,GW,11.28,-15.83,84.24,76,14,12.97,few clouds
111,Lyuban,BY,52.8,28.0,46.65,92,100,9.82,overcast clouds
112,Port Lincoln,AU,-34.73,135.87,53.85,80,10,11.83,clear sky
113,Teguldet,RU,57.31,88.17,34.07,96,100,8.19,overcast clouds
114,Kismayo,SO,-0.36,42.55,80.31,79,53,11.45,broken clouds
115,Isangel,VU,-19.55,169.27,76.69,80,5,3.87,clear sky
116,Sao Filipe,CV,14.9,-24.5,77.92,82,80,6.82,broken clouds
117,San Ignacio,BZ,17.16,-89.07,78.8,88,90,6.93,light rain
118,Aksarka,RU,66.56,67.8,20.07,98,88,1.39,overcast clouds
119,Akdepe,TM,42.06,59.38,48.2,45,64,6.93,haze
120,Breyten,ZA,-26.3,29.99,64.26,43,18,4.54,few clouds
121,Ahipara,NZ,-35.17,173.17,60.67,94,38,5.7,scattered clouds
122,Busselton,AU,-33.65,115.33,59.0,46,1,12.71,clear sky
123,Porto Novo,BJ,6.5,2.6,86.0,74,40,12.75,scattered clouds
124,Beringovskiy,RU,63.05,179.32,30.74,89,74,16.8,broken clouds
125,Lichuan,CN,30.3,108.85,47.75,87,50,2.08,scattered clouds
126,Mapiripan,CO,2.89,-72.13,87.21,66,35,6.42,light rain
127,Hluti,SZ,-27.22,31.62,87.8,43,51,4.7,broken clouds
128,Freeport,US,40.66,-73.58,69.01,59,1,11.41,clear sky
129,Nantucket,US,41.28,-70.1,62.6,82,1,13.87,clear sky
130,Lebu,CL,-37.62,-73.65,56.64,65,0,20.31,clear sky
131,New Norfolk,AU,-42.78,147.06,44.01,70,28,1.99,scattered clouds
132,Kamina,CD,-8.74,24.99,70.0,78,72,4.81,broken clouds
133,Verkhoyansk,RU,67.54,133.38,-25.94,84,14,0.76,few clouds
134,San Quintin,MX,30.48,-115.95,74.79,52,27,7.74,scattered clouds
135,Kawalu,ID,-7.38,108.21,73.24,93,100,2.3,light rain
136,Cabo San Lucas,MX,22.89,-109.91,84.99,69,5,6.93,clear sky
137,Neiafu,TO,-18.65,-173.98,75.2,83,75,4.7,broken clouds
138,Chongwe,ZM,-15.33,28.68,79.38,29,8,5.64,clear sky
139,Cao Bang,VN,22.67,106.25,64.96,82,19,3.49,few clouds
140,Kasongo-Lunda,CD,-6.47,16.82,70.99,92,82,1.97,broken clouds
141,Torbay,CA,47.67,-52.73,52.0,87,75,25.28,broken clouds
142,Stokmarknes,NO,68.56,14.91,46.4,65,75,26.4,shower rain
143,Bambous Virieux,MU,-20.34,57.76,73.99,78,20,5.82,few clouds
144,Belmonte,BR,-15.86,-38.88,73.4,94,75,10.29,light rain
145,Revelstoke,CA,50.98,-118.2,37.4,62,1,4.7,clear sky
146,Vicksburg,US,32.35,-90.88,75.2,53,1,5.82,clear sky
147,Naron,ES,43.52,-8.15,57.99,93,100,3.36,overcast clouds
148,Victoria,HK,22.29,114.16,77.0,60,37,9.17,scattered clouds
149,Khatanga,RU,71.97,102.5,-5.39,91,95,2.48,overcast clouds
150,Moree,AU,-29.47,149.85,55.4,62,0,1.12,clear sky
151,Okoneshnikovo,RU,54.84,75.08,42.26,90,96,8.84,overcast clouds
152,Thompson,CA,55.74,-97.86,8.6,84,90,3.36,light snow
153,Sikandra,IN,26.37,79.65,68.31,25,0,3.13,clear sky
154,Fuzhou,CN,26.06,119.31,69.8,83,75,22.37,broken clouds
155,Northam,GB,51.03,-4.22,51.01,86,1,4.0,clear sky
156,Chokurdakh,RU,70.63,147.92,-3.96,93,25,5.99,scattered clouds
157,Hami,CN,42.8,93.45,36.7,66,0,4.27,clear sky
158,Kahului,US,20.89,-156.47,75.2,69,75,3.36,broken clouds
159,Zermatt,CH,46.02,7.75,41.0,36,5,16.11,clear sky
160,Touros,BR,-5.2,-35.46,86.0,62,40,19.46,scattered clouds
161,Husavik,IS,66.04,-17.34,39.2,44,75,19.46,light intensity drizzle
162,Prince Rupert,CA,54.32,-130.32,39.2,74,90,4.7,overcast clouds
163,Okato,NZ,-39.2,173.88,59.0,95,94,1.01,light rain
164,Meteti,PA,8.5,-77.98,83.53,63,37,10.38,scattered clouds
165,Abaza,RU,52.66,90.09,33.04,94,100,3.38,overcast clouds
166,Kiama,AU,-34.68,150.87,59.0,88,76,4.76,light rain
167,Ust-Barguzin,RU,53.45,108.98,20.71,85,97,7.11,overcast clouds
168,Hammerfest,NO,70.66,23.68,42.8,81,75,42.5,broken clouds
169,Tazovskiy,RU,67.47,78.7,13.53,96,100,16.51,overcast clouds
170,Luanda,AO,-8.84,13.23,82.4,74,20,10.29,few clouds
171,Gorodishche,RU,48.8,44.47,43.18,75,75,13.42,broken clouds
172,Wynyard,AU,-41.0,145.72,41.0,81,26,1.99,scattered clouds
173,Saint-Georges,GD,12.06,-61.75,86.0,79,75,19.46,broken clouds
174,Boke,GN,10.94,-14.3,86.4,64,35,3.53,scattered clouds
175,Cunha,BR,-23.07,-44.96,82.4,39,20,5.82,few clouds
176,Chabua,IN,27.48,95.17,65.28,94,0,1.99,clear sky
177,Bethel,US,41.37,-73.41,70.0,48,1,9.17,clear sky
178,Olinda,BR,-8.01,-34.86,86.0,70,75,13.87,broken clouds
179,Saint-Augustin,CA,51.23,-58.65,44.2,64,47,6.96,scattered clouds
180,Olafsvik,IS,64.89,-23.71,35.64,82,98,32.82,overcast clouds
181,Borogontsy,RU,62.67,131.17,-6.61,90,94,2.1,overcast clouds
182,Esperance,AU,-33.87,121.9,53.6,81,90,9.17,overcast clouds
183,Atuona,PF,-9.8,-139.03,77.99,77,70,20.27,broken clouds
184,Eyrarbakki,IS,63.86,-21.15,35.6,64,75,18.34,light rain
185,Anjiang,CN,27.32,110.1,56.88,87,39,1.57,light rain
186,Tuktoyaktuk,CA,69.45,-133.04,14.0,72,75,12.75,broken clouds
187,Toamasina,MG,-18.17,49.38,77.0,83,75,6.6,shower rain
188,Laurel,US,39.1,-76.85,73.0,40,1,5.82,clear sky
189,Kaitangata,NZ,-46.28,169.85,48.99,91,16,1.99,few clouds
190,Qaqortoq,GL,60.72,-46.03,26.6,86,90,4.7,snow
191,Cherskiy,RU,68.75,161.3,12.51,96,71,14.83,broken clouds
192,Huarmey,PE,-10.07,-78.15,69.51,62,63,11.3,broken clouds
193,Tilichiki,RU,60.47,166.1,27.66,91,54,6.73,broken clouds
194,Richards Bay,ZA,-28.78,32.04,73.31,81,27,3.58,scattered clouds
195,Buraydah,SA,26.33,43.98,77.0,25,20,6.93,few clouds
196,Tadine,NC,-21.55,167.88,75.47,84,4,5.95,clear sky
197,Cap Malheureux,MU,-19.98,57.61,73.99,68,8,8.99,clear sky
198,Collie,AU,-33.37,116.15,59.0,46,18,8.52,few clouds
199,Bredasdorp,ZA,-34.53,20.04,60.8,67,94,3.36,overcast clouds
200,Najran,SA,17.49,44.13,73.4,29,20,4.7,few clouds
201,Chumikan,RU,54.72,135.31,14.4,92,8,14.05,clear sky
202,Tamandare,BR,-8.76,-35.1,82.58,71,89,10.8,overcast clouds
203,Skibbereen,IE,51.55,-9.27,50.0,87,75,13.87,broken clouds
204,Gazanjyk,TM,39.24,55.52,63.37,23,97,8.16,overcast clouds
205,Buchanan,LR,5.88,-10.05,82.4,83,75,6.93,broken clouds
206,Arona,ES,28.1,-16.68,73.4,64,75,10.29,broken clouds
207,Vardo,NO,70.37,31.11,35.6,93,75,29.97,broken clouds
208,Yashkul,RU,46.17,45.34,48.38,68,80,9.53,broken clouds
209,Ewing,US,40.27,-74.8,72.0,48,52,7.11,broken clouds
210,Flin Flon,CA,54.77,-101.86,14.0,85,90,5.82,light snow
211,Trussville,US,33.62,-86.61,77.0,53,20,3.36,few clouds
212,Laguna,US,38.42,-121.42,61.0,41,1,6.93,clear sky
213,Kirovohrad,UA,48.51,32.26,47.19,75,64,12.26,broken clouds
214,Finspang,SE,58.71,15.77,53.6,87,34,6.93,scattered clouds
215,Guerrero Negro,MX,27.98,-114.06,80.96,37,69,6.26,broken clouds
216,Puerto Baquerizo Moreno,EC,-0.9,-89.6,73.4,73,75,13.87,broken clouds
217,Camacha,PT,33.08,-16.33,64.4,63,40,16.11,scattered clouds
218,Pevek,RU,69.7,170.31,22.24,96,100,18.41,overcast clouds
219,Faya,SA,18.39,42.45,60.8,87,0,4.7,clear sky
220,Hithadhoo,MV,-0.6,73.08,84.0,67,3,2.62,clear sky
221,Satinka,RU,52.38,41.68,41.74,80,94,12.57,light rain
222,Provideniya,RU,64.38,-173.3,35.91,83,97,33.49,overcast clouds
223,Skelleftea,SE,64.75,20.95,50.0,57,0,19.46,clear sky
224,Hamilton,US,39.18,-84.53,69.01,45,20,6.93,few clouds
225,Tarakan,ID,3.3,117.63,81.41,75,46,2.28,moderate rain
226,Yar-Sale,RU,66.83,70.83,19.29,97,88,5.82,overcast clouds
227,Mahebourg,MU,-20.41,57.7,71.6,78,20,5.82,few clouds
228,Te Anau,NZ,-45.42,167.72,40.66,86,7,2.68,clear sky
229,Sungurlu,TR,40.17,34.37,48.76,66,0,4.97,clear sky
230,Miranda,CO,3.25,-76.23,80.6,57,40,6.93,scattered clouds
231,Sitka,US,57.05,-135.33,35.6,69,90,4.7,overcast clouds
232,Grindavik,IS,63.84,-22.43,35.6,64,75,25.28,shower rain
233,Kibiti,TZ,-7.72,38.94,72.01,86,22,5.35,few clouds
234,Huilong,CN,31.81,121.66,64.99,87,0,5.28,clear sky
235,Danielskuil,ZA,-28.19,23.54,70.2,35,63,11.05,broken clouds
236,Koslan,RU,63.46,48.9,34.68,94,94,5.55,overcast clouds
237,Digras,IN,20.12,77.72,67.77,46,0,2.06,clear sky
238,Ixtapa,MX,20.7,-105.2,86.0,42,5,2.24,clear sky
239,Bengkulu,ID,-3.8,102.27,76.17,84,100,3.24,overcast clouds
240,Bwanga,TZ,-3.03,31.76,68.41,82,41,5.77,scattered clouds
241,Krasnoturansk,RU,54.32,91.56,33.8,80,0,4.47,clear sky
242,Stykkisholmur,IS,65.08,-22.73,33.98,85,90,30.2,moderate rain
243,Yulara,AU,-25.24,130.99,68.0,22,30,6.93,scattered clouds
244,Yuncheng,CN,35.02,110.99,51.51,44,0,7.65,clear sky
245,Grand Gaube,MU,-20.01,57.66,73.99,68,13,8.99,few clouds
246,Talakan,RU,50.32,130.37,25.16,93,99,2.89,overcast clouds
247,Brae,GB,60.4,-1.35,48.2,93,20,2.24,few clouds
248,Denia,ES,38.84,0.11,69.01,92,94,3.33,overcast clouds
249,Sola,VU,-13.88,167.55,78.66,86,100,16.24,overcast clouds
250,Tokmak,UA,47.25,35.71,45.39,75,20,9.66,few clouds
251,Geraldton,AU,-28.77,114.6,68.0,72,0,4.7,clear sky
252,Lesnoy,RU,57.62,63.08,40.75,88,100,8.3,overcast clouds
253,Boa Vista,BR,2.82,-60.67,93.2,44,75,3.36,broken clouds
254,Russell,US,32.35,-85.2,75.2,57,1,6.93,clear sky
255,Micheweni,TZ,-4.97,39.83,78.4,76,13,7.2,few clouds
256,Mayo,US,38.89,-76.51,72.0,72,1,5.82,clear sky
257,Hirara,JP,24.8,125.28,78.93,89,0,13.0,clear sky
258,Jasper,US,37.2,-94.35,73.0,60,1,9.17,clear sky
259,Lelystad,NL,52.51,5.47,48.99,76,13,3.0,few clouds
260,Nabire,ID,-3.37,135.48,75.61,86,100,3.91,overcast clouds
261,Togur,RU,58.36,82.83,34.66,95,100,8.95,overcast clouds
262,Singkang,MY,2.1,102.8,78.8,94,20,1.12,few clouds
263,Ucluelet,CA,48.93,-125.55,43.0,100,5,2.24,clear sky
264,Aklavik,CA,68.22,-135.01,15.8,92,75,4.7,broken clouds
265,Nanakuli,US,21.39,-158.15,75.2,88,1,6.67,clear sky
266,Nome,US,64.5,-165.41,39.99,80,90,29.97,mist
267,Swan Hill,AU,-35.34,143.55,46.67,87,0,8.14,clear sky
268,Caconda,AO,-13.73,15.07,70.41,44,2,3.18,clear sky
269,Orlik,RU,52.52,99.83,8.31,85,53,3.11,broken clouds
270,Souillac,MU,-20.52,57.52,71.6,78,20,5.82,few clouds
271,Samarai,PG,-10.62,150.67,80.49,83,12,5.84,few clouds
272,Neverkino,RU,52.79,46.74,41.04,94,97,8.16,overcast clouds
273,Sterling,US,39.01,-77.43,71.01,37,20,2.57,few clouds
274,Ust-Omchug,RU,61.15,149.63,0.34,90,97,7.83,overcast clouds
275,Toropets,RU,56.5,31.64,41.36,80,69,8.63,broken clouds
276,Port Hardy,CA,50.7,-127.42,42.8,93,20,5.82,few clouds
277,Long Xuyen,VN,10.38,105.42,78.8,100,40,3.36,scattered clouds
278,Paamiut,GL,61.99,-49.67,32.04,97,100,37.51,overcast clouds
279,Meulaboh,ID,4.14,96.13,77.65,87,100,4.05,moderate rain
280,Auki,SB,-8.77,160.7,76.78,81,85,2.91,light rain
281,Fairbanks,US,64.84,-147.72,18.0,85,90,1.12,snow
282,Kashi,CN,39.45,75.98,42.8,30,0,11.18,clear sky
283,Bitung,ID,1.45,125.18,77.0,94,40,6.93,moderate rain
284,Trairi,BR,-3.28,-39.27,86.22,58,89,15.21,overcast clouds
285,Koulikoro,ML,14.0,-7.75,85.44,25,0,3.18,clear sky
286,Azuqueca De Henares,ES,40.57,-3.26,64.4,68,20,23.04,few clouds
287,Inuvik,CA,68.35,-133.72,15.8,78,100,4.7,overcast clouds
288,Nakamura,JP,32.98,132.93,61.48,94,100,3.02,light rain
289,Westport,US,41.14,-73.36,70.0,72,1,10.29,clear sky
290,Adre,TD,13.47,22.2,77.43,24,20,8.99,few clouds
291,Bud,US,39.45,-86.18,69.8,40,1,6.93,clear sky
292,Arraias,BR,-12.93,-46.94,81.64,65,98,6.2,moderate rain
293,Santa Rosa,PH,14.31,121.11,80.6,83,20,2.24,few clouds
294,Saint-Joseph,RE,-21.37,55.62,73.4,73,0,14.99,clear sky
295,Dandong,CN,40.13,124.39,47.23,87,0,2.26,clear sky
296,Coahuayana,MX,18.73,-103.68,80.6,44,5,11.41,clear sky
297,Mutoko,ZW,-17.4,32.23,81.61,29,71,4.5,broken clouds
298,Srivardhan,IN,18.03,73.02,76.03,57,0,6.2,clear sky
299,Abonnema,NG,4.71,6.79,80.6,88,20,2.24,few clouds
300,Kjollefjord,NO,70.95,27.35,42.8,75,75,32.21,shower rain
301,Acapulco,MX,16.86,-99.89,86.0,70,40,4.7,scattered clouds
302,Praia,CV,14.92,-23.51,82.4,69,40,13.87,scattered clouds
303,San Patricio,US,28.02,-97.52,82.0,65,75,10.29,broken clouds
304,Castelnaudary,FR,43.32,1.95,63.0,87,90,23.04,overcast clouds
305,Grand-Santi,GF,4.25,-54.38,91.89,47,46,1.23,scattered clouds
306,Saskylakh,RU,71.92,114.08,3.52,93,100,5.88,overcast clouds
307,Hambantota,LK,6.12,81.12,79.5,86,75,11.27,light rain
308,Novikovo,RU,51.15,37.89,46.24,77,98,15.95,overcast clouds
309,Gardez,AF,33.6,69.23,37.71,59,0,0.76,clear sky
310,New Ulm,US,44.31,-94.46,73.99,30,1,17.22,clear sky
311,Katobu,ID,-4.94,122.53,74.73,83,51,1.88,broken clouds
312,Nanortalik,GL,60.14,-45.24,37.83,90,100,20.6,light rain
313,Ozernovskiy,RU,51.5,156.52,36.61,78,100,19.71,overcast clouds
314,Atyrau,KZ,47.12,51.88,50.0,76,75,8.95,mist
315,Gravdal,NO,68.12,13.5,46.4,61,75,20.8,shower rain
316,Taltal,CL,-25.4,-70.48,65.91,57,32,6.24,scattered clouds
317,Saldanha,ZA,-33.01,17.94,60.8,87,100,5.82,light rain
318,Samana,DO,19.21,-69.34,86.0,74,75,6.93,broken clouds
319,Pedernales,DO,18.04,-71.74,87.8,70,40,11.41,scattered clouds
320,Ballina,AU,-28.87,153.57,60.8,82,75,6.93,broken clouds
321,Rathkeale,IE,52.52,-8.94,48.2,76,75,6.93,broken clouds
322,Kavieng,PG,-2.57,150.8,82.49,79,74,13.2,broken clouds
323,Palu,ID,-0.89,119.87,76.01,78,98,1.95,overcast clouds
324,Mainit,PH,9.54,125.52,78.78,84,100,7.9,light rain
325,Byron Bay,AU,-28.65,153.62,60.8,82,75,6.93,broken clouds
326,Shahrud,IR,36.42,54.98,57.61,32,99,6.69,overcast clouds
327,Lucapa,AO,-8.42,20.74,69.21,96,71,3.89,broken clouds
328,Sao Jose Da Coroa Grande,BR,-8.9,-35.15,82.38,72,84,11.52,broken clouds
329,Toccoa,US,34.58,-83.33,73.4,46,1,3.36,clear sky
330,Mount Gambier,AU,-37.83,140.77,46.4,93,90,6.93,overcast clouds
331,Merauke,ID,-8.47,140.33,78.58,80,86,9.6,overcast clouds
332,Chapleau,CA,47.84,-83.4,57.2,50,75,10.29,broken clouds
333,Kodinsk,RU,58.69,99.18,7.81,92,61,2.93,broken clouds
334,Sistranda,NO,63.73,8.83,50.0,81,75,32.21,broken clouds
335,Broome,US,42.25,-75.83,68.0,48,1,13.87,clear sky
336,Murupara,NZ,-38.47,176.7,57.47,89,100,1.03,overcast clouds
337,Hanover,DE,52.37,9.73,50.0,93,0,4.7,clear sky
338,Immokalee,US,26.42,-81.42,86.0,58,40,18.34,scattered clouds
339,Ankang,CN,32.68,109.02,55.09,65,0,0.4,clear sky
340,Yarmouth,US,41.71,-70.23,66.0,72,1,14.99,clear sky
341,Luderitz,NA,-26.65,15.16,61.14,76,72,5.03,broken clouds
342,Clyde River,CA,70.47,-68.59,1.4,77,75,21.92,broken clouds
343,Ambulu,ID,-8.35,113.61,76.42,88,52,2.17,broken clouds
344,Alta Floresta,BR,-9.88,-56.09,93.2,46,75,3.36,broken clouds
345,Msanga,TZ,-6.05,36.03,71.92,62,5,9.66,clear sky
346,Ust-Nera,RU,64.57,143.2,-0.65,84,100,5.84,overcast clouds
347,Isabela,PH,6.71,121.97,80.38,83,99,7.43,light rain
348,Resistencia,AR,-27.46,-58.98,91.99,23,0,5.82,clear sky
349,Anadyr,RU,64.75,177.48,26.6,92,90,20.13,light snow
350,Grafton,US,42.21,-71.69,71.01,40,1,12.75,clear sky
351,Namibe,AO,-15.2,12.15,73.33,58,51,13.47,broken clouds
352,Ames,US,42.03,-93.62,75.0,49,1,11.41,clear sky
353,Deputatskiy,RU,69.3,139.9,-8.09,93,92,0.92,overcast clouds
354,Dunedin,NZ,-45.87,170.5,53.01,84,74,2.8,broken clouds
355,Turukhansk,RU,65.82,87.98,10.94,94,100,15.73,light snow
356,Devils Lake,US,48.11,-98.87,42.8,75,1,16.11,clear sky
357,Gao,ML,16.64,1.64,82.72,15,1,11.61,clear sky
358,Airai,TL,-8.93,125.41,61.93,68,0,2.04,clear sky
359,Luena,AO,-11.78,19.92,65.39,87,72,9.31,light rain
360,Zhigansk,RU,66.77,123.37,-13.54,90,89,3.27,overcast clouds
361,East Wenatchee Bench,US,47.43,-120.28,46.0,70,1,9.17,clear sky
362,Yingcheng,CN,30.95,113.55,57.2,87,0,4.47,clear sky
363,Sicamous,CA,50.83,-118.99,39.2,69,1,1.12,clear sky
364,Klaksvik,FO,62.23,-6.59,48.2,100,100,19.46,light rain
365,Dilla,ET,6.41,38.31,62.87,81,75,4.7,broken clouds
366,Itaituba,BR,-4.28,-55.98,86.0,66,40,1.88,scattered clouds
367,Kabalo,CD,-6.05,26.92,72.27,96,64,3.33,broken clouds
368,Waipawa,NZ,-41.41,175.52,60.8,93,62,12.75,broken clouds
369,Pisco,PE,-13.7,-76.22,66.99,88,90,8.05,overcast clouds
370,Marsh Harbour,BS,26.54,-77.06,79.23,77,97,20.8,overcast clouds
371,Christchurch,NZ,-43.53,172.63,55.99,87,93,11.41,overcast clouds
372,La Reforma,MX,25.08,-108.05,88.0,59,0,10.0,clear sky
373,Hofn,IS,64.25,-15.21,39.2,64,20,25.28,shower rain
374,Trindade,BR,-16.65,-49.49,93.2,30,40,5.82,scattered clouds
375,Iwanai,JP,42.97,140.51,51.94,82,42,8.19,light rain
376,China,MX,25.7,-99.23,78.24,49,0,3.71,clear sky
377,Pudozh,RU,61.81,36.53,37.51,81,81,6.42,broken clouds
378,Amga,RU,60.9,131.96,0.37,92,100,2.15,overcast clouds
379,Labuhan,ID,-6.88,112.21,78.84,85,76,9.51,broken clouds
380,Raga,SS,8.46,25.68,79.47,39,71,1.72,broken clouds
381,Kyra,RU,49.58,111.98,17.37,80,16,17.49,few clouds
382,Lermontovka,RU,47.15,134.34,30.43,97,12,2.53,few clouds
383,Ivanava,BY,52.15,25.54,49.15,88,92,10.2,overcast clouds
384,Egvekinot,RU,66.32,-179.17,25.88,97,99,7.87,overcast clouds
385,Nemuro,JP,43.32,145.57,55.74,75,96,23.4,overcast clouds
386,Arlit,NE,18.74,7.39,81.45,15,2,16.75,clear sky
387,Alice Springs,AU,-23.7,133.88,68.0,16,91,6.93,overcast clouds
388,Pincher Creek,CA,49.48,-113.95,37.4,93,100,4.7,overcast clouds
389,Plouzane,FR,48.38,-4.62,55.4,76,0,9.17,clear sky
390,Shimoda,JP,34.67,138.95,59.0,79,88,1.01,overcast clouds
391,Narsaq,GL,60.92,-46.05,26.6,86,90,4.7,snow
392,Port-Cartier,CA,50.03,-66.87,42.01,73,26,3.36,scattered clouds
393,Tiarei,PF,-17.53,-149.33,80.6,74,20,14.99,few clouds
394,Pishin,PK,30.58,67.0,45.75,53,1,1.12,clear sky
395,Coquimbo,CL,-29.95,-71.34,60.8,72,20,13.87,few clouds
396,Ketchikan,US,55.34,-131.65,37.4,80,75,12.75,broken clouds
397,Saquena,PE,-4.67,-73.52,94.23,45,84,2.73,broken clouds
398,Kolpny,RU,52.23,37.04,45.36,75,96,17.13,light rain
399,Port Elizabeth,ZA,-33.92,25.57,59.0,87,75,16.11,broken clouds
400,Peniche,PT,39.36,-9.38,60.01,84,100,8.99,overcast clouds
401,Puerto Escondido,MX,15.85,-97.07,84.2,70,75,6.82,broken clouds
402,Guiratinga,BR,-16.35,-53.76,92.53,32,47,2.21,scattered clouds
403,Inta,RU,66.03,60.17,31.87,95,100,3.53,overcast clouds
404,Kaabong,UG,3.48,34.15,73.09,57,99,13.98,overcast clouds
405,Port Moresby,PG,-9.44,147.18,77.0,94,90,6.93,light rain
406,Andenes,NO,69.31,16.12,42.8,70,75,35.57,broken clouds
407,Dingle,PH,11.0,122.67,76.19,89,91,5.97,light rain
408,Jinchang,CN,38.5,102.17,41.92,49,5,9.55,clear sky
409,Tura,IN,25.52,90.22,62.65,82,0,4.54,clear sky
410,Kisangani,CD,0.52,25.2,72.28,94,99,2.08,light rain
411,Havre-Saint-Pierre,CA,50.23,-63.6,37.4,100,40,2.24,scattered clouds
412,Vostok,RU,46.49,135.88,30.65,99,66,3.0,broken clouds
413,Batticaloa,LK,7.71,81.69,81.27,79,4,6.2,light rain
414,Komsomolskiy,UZ,40.43,71.72,48.2,34,2,4.7,clear sky
415,Las Lomas,PA,8.43,-82.4,80.6,74,40,9.17,shower rain
416,Pemangkat,ID,1.17,108.97,80.31,77,100,3.11,overcast clouds
417,Flinders,AU,-34.58,150.86,59.0,86,84,1.01,broken clouds
418,Carballo,ES,43.21,-8.69,57.2,93,0,1.61,light rain
419,Erenhot,CN,43.65,111.98,34.59,70,14,15.32,few clouds
420,Arambagh,IN,22.88,87.78,68.38,51,0,6.62,clear sky
421,Naze,JP,28.37,129.48,77.0,100,20,4.7,few clouds
422,Fortuna,US,40.6,-124.16,53.01,93,75,5.82,broken clouds
423,Boden,SE,65.83,21.69,48.2,57,0,19.46,clear sky
424,Villa Rica,US,33.73,-84.92,72.0,52,1,3.36,clear sky
425,Banff,CA,51.18,-115.57,30.2,68,18,5.82,few clouds
426,Vidim,RU,56.41,103.11,5.29,93,54,2.37,broken clouds
427,Yamada,JP,39.47,141.95,52.02,67,6,6.26,clear sky
428,Punta Alta,AR,-38.88,-62.07,74.82,33,0,15.66,clear sky
429,Constitucion,CL,-35.33,-72.42,64.76,48,0,15.01,clear sky
430,Makat,KZ,47.65,53.35,50.9,51,100,13.65,overcast clouds
431,Ekibastuz,KZ,51.67,75.37,42.33,62,72,8.05,broken clouds
432,Berlevag,NO,70.86,29.09,33.8,77,75,25.28,broken clouds
433,Iquitos,PE,-3.75,-73.25,77.0,83,75,12.75,heavy intensity rain
434,Campoverde,PE,-8.48,-74.81,91.4,59,75,9.17,broken clouds
435,Mumford,GH,5.26,-0.76,79.9,87,68,9.51,broken clouds
436,Puerto Princesa,PH,9.74,118.74,78.51,82,97,3.83,light rain
437,Marsa Matruh,EG,31.35,27.25,69.8,60,40,10.29,scattered clouds
438,Hay River,CA,60.82,-115.8,14.0,85,75,11.41,light snow
439,Corbelia,BR,-24.8,-53.31,91.4,33,0,16.11,clear sky
440,Anchorage,US,61.22,-149.9,23.0,79,90,3.36,light snow
441,Houma,US,29.6,-90.72,80.01,54,40,11.41,scattered clouds
442,Marfino,RU,55.7,37.38,70.99,75,40,15.66,scattered clouds
443,Dalbandin,PK,28.89,64.41,58.26,28,8,2.98,clear sky
444,Port Hedland,AU,-20.32,118.57,77.0,83,0,10.29,clear sky
445,Trat,TH,12.5,102.5,74.97,85,46,4.99,scattered clouds
446,Mali,GN,12.08,-12.3,93.2,52,0,6.93,clear sky
447,Bani,DO,18.28,-70.33,87.8,66,75,6.93,broken clouds
448,Sobolevo,RU,54.43,31.9,43.68,78,83,10.04,broken clouds
449,Bathsheba,BB,13.22,-59.52,87.8,70,40,17.22,scattered clouds
450,Srednekolymsk,RU,67.45,153.68,5.0,94,100,11.5,overcast clouds
451,Nampula,MZ,-15.12,39.27,84.0,48,0,9.17,clear sky
452,Kwinana,AU,-32.25,115.77,64.99,63,32,11.41,scattered clouds
453,Jiayuguan,CN,39.82,98.3,34.99,61,8,3.24,clear sky
454,Newport,GB,51.59,-3.0,48.99,83,0,12.01,clear sky
455,Verkhnevilyuysk,RU,63.45,120.32,-3.01,91,98,3.83,overcast clouds
456,Biltine,TD,14.53,20.92,81.43,16,0,10.02,clear sky
457,Smoljan,ME,43.09,19.23,38.93,98,61,4.14,broken clouds
458,Kalininsk,RU,51.5,44.48,41.83,95,100,14.88,overcast clouds
459,Makakilo City,US,21.35,-158.09,75.2,88,1,6.6,clear sky
460,Chapais,CA,49.78,-74.85,37.4,100,90,8.05,fog
461,Mookane,BW,-23.69,26.66,86.16,26,1,3.44,clear sky
462,Oshawa,CA,43.9,-78.85,66.99,67,1,6.93,clear sky
463,Fontaine,FR,45.2,5.68,55.0,81,0,4.7,clear sky
464,Bukachacha,RU,52.98,116.92,18.64,93,53,2.68,broken clouds
465,La Trinitaria,MX,16.12,-92.05,65.75,98,100,1.23,light rain
466,Mehamn,NO,71.04,27.85,42.8,75,75,32.21,shower rain
467,Muisne,EC,0.6,-80.03,84.2,74,20,10.29,few clouds
468,Kurchaloy,RU,43.2,46.09,50.0,66,0,8.95,clear sky
469,Graham,US,47.05,-122.29,46.99,93,1,9.01,clear sky
470,Abha,SA,18.22,42.51,60.8,87,0,4.7,clear sky
471,Baykit,RU,61.67,96.37,-0.04,88,97,1.74,overcast clouds
472,Ottawa,CA,45.41,-75.7,62.01,62,90,12.75,overcast clouds
473,Sakakah,SA,29.97,40.21,69.8,35,0,5.91,clear sky
474,Altagracia De Orituco,VE,9.86,-66.38,83.17,70,47,4.34,light rain
475,Kurilsk,RU,45.23,147.88,50.0,71,96,12.97,light rain
476,Luwuk,ID,-0.95,122.79,78.46,76,19,4.29,few clouds
477,Aniva,RU,46.71,142.53,35.6,93,90,8.95,fog
478,Gobabis,NA,-22.45,18.97,82.72,15,13,9.22,few clouds
479,Finnsnes,NO,69.23,17.98,41.0,75,75,25.28,broken clouds
480,Vestmannaeyjar,IS,63.44,-20.27,35.6,93,75,20.8,broken clouds
481,Mount Isa,AU,-20.73,139.5,71.6,13,0,8.05,clear sky
482,Sisimiut,GL,66.94,-53.67,15.64,87,100,13.69,overcast clouds
483,Luchegorsk,RU,46.48,134.26,33.71,92,42,4.94,scattered clouds
484,Strezhevoy,RU,60.73,77.59,33.8,98,90,8.95,overcast clouds
485,North Platte,US,41.12,-100.77,75.99,24,1,10.29,clear sky
486,Kalanguy,RU,51.02,116.52,19.22,92,78,10.51,broken clouds
487,Toucheng,TW,24.86,121.82,82.0,99,95,14.07,overcast clouds
488,Chase,CA,50.82,-119.69,39.2,69,0,1.12,clear sky
489,Manali,IN,13.17,80.27,82.4,94,40,2.24,mist
490,Kalat,PK,29.02,66.59,48.18,41,49,0.6,scattered clouds
491,Puerto Ayacucho,VE,5.66,-67.62,88.57,63,10,4.54,light rain
492,Bama,NG,11.52,13.69,79.74,21,38,10.09,scattered clouds
493,Dedovichi,RU,57.55,29.95,43.81,83,30,9.73,scattered clouds
494,Isiro,CD,2.77,27.62,71.15,91,100,0.51,light rain
495,Ambilobe,MG,-13.2,49.05,75.99,74,21,5.06,few clouds
496,Moose Factory,CA,51.26,-80.61,41.0,80,90,9.17,overcast clouds
497,Alyth,GB,56.62,-3.23,48.2,93,40,1.03,fog
498,Kropotkin,RU,45.44,40.58,48.0,74,47,8.88,scattered clouds
499,Campbell River,CA,50.02,-125.24,42.8,70,20,13.87,few clouds
500,Muros,ES,42.78,-9.06,57.0,94,100,3.0,light rain
501,Kochi,IN,9.94,76.26,80.6,83,40,2.64,mist
502,Sonoita,MX,31.85,-112.83,84.0,20,99,11.68,overcast clouds
503,Urzhum,RU,57.11,50.0,38.86,94,99,3.4,light rain
504,Fallon,US,39.47,-118.78,68.0,17,1,5.55,clear sky
505,Zhigalovo,RU,54.81,105.16,8.92,92,80,3.87,broken clouds
506,Barcelos,PT,41.54,-8.62,60.8,82,40,10.29,scattered clouds
507,San Ramon,US,37.78,-121.98,57.99,47,1,11.41,clear sky
508,Ilheus,BR,-14.79,-39.05,80.6,83,75,6.93,broken clouds
509,Linjiang,CN,41.81,126.91,41.25,86,36,3.18,scattered clouds
510,Payo,ID,-3.75,103.64,73.29,93,100,1.9,light rain
511,Cabras,IT,39.93,8.53,61.32,75,2,2.46,clear sky
512,Cheney,US,47.49,-117.58,42.8,100,90,11.41,overcast clouds
513,Kampong Thum,KH,12.71,104.89,75.24,97,100,1.68,light rain
514,Safford,US,32.83,-109.71,75.2,15,1,12.75,clear sky
515,Rochester,US,43.15,-77.62,71.01,43,40,14.99,scattered clouds
516,Grieskirchen,AT,48.23,13.83,39.99,84,0,4.38,clear sky
517,Hasaki,JP,35.73,140.83,51.8,87,75,2.24,broken clouds
518,New Plymouth,NZ,-39.07,174.08,59.0,95,95,1.01,light rain
519,Dicabisagan,PH,17.08,122.42,76.89,86,27,2.44,scattered clouds
520,Chota,PE,-6.55,-78.65,73.4,31,40,4.7,scattered clouds
521,Lata,PT,40.16,-8.33,59.0,93,100,4.0,light rain
522,Tezu,IN,27.92,96.17,66.09,40,0,4.05,clear sky
523,Gornopravdinsk,RU,60.05,69.9,34.41,95,100,5.73,overcast clouds
524,Shepsi,RU,44.04,39.15,53.83,67,18,17.16,few clouds
525,Maceio,BR,-9.67,-35.74,86.0,66,40,10.29,scattered clouds
526,Kununurra,AU,-15.77,128.73,78.8,83,77,9.17,light rain
527,Artyom,AZ,40.47,50.33,60.8,77,0,11.41,clear sky
528,Mayor Pablo Lagerenza,PY,-19.93,-60.77,107.28,12,1,5.48,clear sky
529,Palmer,US,42.16,-72.33,71.01,42,20,6.93,few clouds
530,Bonnyville,CA,54.27,-110.73,24.8,62,20,13.87,few clouds
531,Grand-Lahou,CI,5.14,-5.02,80.13,86,48,8.84,scattered clouds
532,Tamale,GH,9.4,-0.84,89.46,30,7,3.04,clear sky
533,Vao,NC,-22.67,167.48,75.06,82,0,12.1,clear sky
534,Harnosand,SE,62.63,17.94,53.6,62,100,10.29,overcast clouds
535,West Bay,KY,19.37,-81.42,79.0,88,75,11.41,broken clouds
536,Kudal,IN,16.03,73.68,76.73,57,0,5.28,clear sky
537,Pitsunda,GE,43.16,40.34,59.0,77,75,8.95,broken clouds
538,Kostomuksha,RU,64.57,30.58,42.87,80,100,14.18,overcast clouds
539,Whitehorse,CA,60.72,-135.05,1.4,77,90,2.24,light snow
540,Panaba,MX,21.28,-88.27,81.82,78,98,16.82,light rain
541,Codrington,AU,-38.27,141.97,48.56,78,79,10.85,broken clouds
542,Troitskoye,RU,52.98,84.68,37.11,76,100,8.57,overcast clouds
543,La Asuncion,VE,11.03,-63.86,96.8,47,71,17.22,broken clouds
544,Pangnirtung,CA,66.15,-65.71,19.4,57,90,3.36,overcast clouds
545,Jingdezhen,CN,29.29,117.21,58.66,82,0,2.84,light rain
546,La Ronge,CA,55.1,-105.28,19.4,85,89,3.36,light snow
547,Zeya,RU,53.75,127.27,20.84,95,100,2.13,overcast clouds
548,Khandyga,RU,62.67,135.6,-13.16,85,0,2.73,clear sky
549,Kaiyuan,CN,23.7,103.3,60.08,83,85,2.15,overcast clouds
550,Moron,AR,-34.65,-58.62,77.0,41,40,10.29,scattered clouds
551,Cordoba,AR,-31.41,-64.18,84.2,23,0,14.99,clear sky
552,Rorvik,NO,64.86,11.24,48.2,100,75,25.28,broken clouds
553,Mastic Beach,US,40.77,-72.85,66.99,68,1,10.29,clear sky
554,Saint Anthony,US,45.02,-93.22,73.4,35,1,12.75,clear sky
555,Zhezkazgan,KZ,47.8,67.71,40.53,50,65,8.5,broken clouds
556,Pirovskoye,RU,57.63,92.27,21.6,98,99,6.06,overcast clouds
557,Izyum,UA,49.21,37.25,45.19,77,71,17.43,broken clouds
558,Linhares,BR,-19.39,-40.07,81.34,72,78,6.11,light rain
559,Qiryat Gat,IL,31.61,34.76,66.0,72,18,2.39,few clouds
560,Bratsk,RU,56.13,101.61,1.4,84,68,4.52,broken clouds
561,Atlantic City,US,39.36,-74.42,66.2,72,1,3.36,clear sky
562,Puerto Asis,CO,0.51,-76.5,91.4,63,75,4.7,broken clouds
563,Shamary,RU,57.34,58.22,36.93,94,100,6.73,overcast clouds
564,Korla,CN,41.76,86.15,39.36,60,80,4.36,broken clouds
565,Esso,RU,55.93,158.7,12.51,88,44,3.69,scattered clouds
566,Leeston,NZ,-43.77,172.3,55.99,93,58,6.6,broken clouds
567,Tortona,IT,44.9,8.86,57.0,85,0,1.57,clear sky
568,Niono,ML,14.25,-5.99,92.16,17,15,7.49,few clouds
569,Snasa,NO,64.25,12.38,48.2,93,75,20.8,broken clouds
570,Amuntai,ID,-2.42,115.25,71.56,98,61,2.21,broken clouds
571,Maragogi,BR,-9.01,-35.22,82.13,73,77,11.81,broken clouds
572,Gat,IL,31.61,34.76,66.0,72,5,1.57,clear sky
573,Mawlaik,MM,23.63,94.42,69.82,83,0,1.03,clear sky
574,Azare,NG,11.68,10.19,79.45,18,6,8.43,clear sky
575,Avera,US,33.19,-82.53,77.0,53,40,10.29,scattered clouds
576,Lensk,RU,60.73,114.93,-2.69,89,95,4.32,overcast clouds
577,Jiaojiang,CN,28.68,121.44,66.99,94,12,5.73,few clouds
578,Bone,DE,51.97,12.14,50.0,92,7,1.01,clear sky
579,Sabaudia,IT,41.3,13.03,61.0,76,20,3.0,few clouds
580,Vila Franca Do Campo,PT,37.72,-25.43,62.6,63,20,13.87,few clouds
581,Basco,PH,20.45,121.97,80.01,82,5,11.88,clear sky
582,Namatanai,PG,-3.67,152.43,80.35,79,89,7.83,light rain
583,Teseney,ER,15.11,36.66,83.34,19,15,8.77,few clouds
584,Winnemucca,US,40.97,-117.74,64.4,15,1,7.65,clear sky
585,Kalmar,SE,56.66,16.36,53.6,87,0,3.36,clear sky
586,Aykhal,RU,66.0,111.5,3.2,84,90,4.47,light snow
587,Evensk,RU,61.95,159.23,10.58,90,100,7.78,overcast clouds
588,Eucaliptus,BO,-17.58,-67.52,71.6,13,40,10.29,scattered clouds
589,Ngunguru,NZ,-35.62,174.5,57.99,96,65,3.98,broken clouds
590,Kidal,ML,18.44,1.41,81.66,15,6,12.26,clear sky
591,Westlock,CA,54.15,-113.87,28.0,86,90,4.7,overcast clouds
592,Lida,BY,53.88,25.3,47.48,95,53,9.26,broken clouds
593,Boli,CN,45.77,130.52,38.39,72,18,8.34,few clouds
594,Mackenzie,CA,55.3,-123.17,26.6,92,90,4.7,overcast clouds
595,Tralee,IE,52.27,-9.7,50.0,81,90,6.93,overcast clouds
596,Conakry,GN,9.54,-13.68,89.6,66,20,6.93,few clouds
597,Valkeala,FI,60.94,26.8,46.4,87,0,10.29,clear sky
598,Belaya Gora,RU,68.53,146.42,-9.02,91,88,5.48,overcast clouds
599,Trincomalee,LK,8.57,81.23,82.35,77,12,8.12,light rain
600,Chulumani,BO,-16.41,-67.53,79.07,38,74,5.79,broken clouds
601,Miramar,US,25.99,-80.23,84.0,74,40,12.75,scattered clouds
602,Caravelas,BR,-17.71,-39.25,82.33,70,46,10.78,light rain
603,Pizarro,CO,4.95,-77.37,80.15,75,73,10.54,broken clouds
604,Tolaga Bay,NZ,-38.37,178.3,60.1,86,49,3.24,scattered clouds
605,Henties Bay,NA,-22.12,14.28,60.01,90,4,5.01,clear sky
606,Ust-Maya,RU,60.42,134.53,0.61,93,99,0.92,overcast clouds
607,Rivne,UA,50.62,26.23,48.0,98,100,10.0,overcast clouds
608,Staryy Nadym,RU,65.61,72.68,32.7,97,100,9.57,overcast clouds
609,Birjand,IR,32.87,59.22,55.4,11,0,6.93,clear sky
610,Pendleton,US,45.67,-118.79,46.4,93,90,10.29,moderate rain
611,Bandarbeyla,SO,9.49,50.81,75.6,74,61,10.6,broken clouds
612,Maxixe,MZ,-23.86,35.35,80.01,88,0,12.75,clear sky
613,Luganville,VU,-15.53,167.17,78.21,82,90,1.72,overcast clouds
614,Casas Grandes,MX,30.37,-107.95,75.25,21,85,12.35,overcast clouds
615,Santiago,CL,-33.46,-70.65,84.0,29,20,6.93,few clouds
616,Lopatyn,UA,50.22,24.85,45.52,86,100,11.48,overcast clouds
617,Sioux Lookout,CA,50.1,-91.92,42.8,75,90,5.82,smoke
618,San Cristobal,VE,7.77,-72.22,89.6,46,40,14.99,scattered clouds
619,Bundaberg,AU,-24.85,152.35,64.0,82,1,6.93,clear sky
620,Kabanjahe,ID,3.1,98.49,64.18,97,100,2.53,overcast clouds
621,Mon,IN,26.75,95.1,60.04,90,0,3.33,clear sky
622,Nova Bystrice,CZ,49.02,15.1,36.0,91,1,1.61,clear sky
623,Adzope,CI,6.11,-3.86,77.2,92,71,3.38,moderate rain
624,Cooma,AU,-36.23,149.13,44.6,93,90,12.75,overcast clouds
625,Glace Bay,CA,46.2,-59.96,60.01,77,90,16.11,overcast clouds
626,Rawson,AR,-43.3,-65.1,60.48,51,0,16.37,clear sky
627,Keetmanshoop,NA,-26.58,18.13,84.2,28,89,10.29,overcast clouds
628,Filadelfia,US,39.95,-75.16,72.0,43,1,11.41,clear sky
629,Melekhovo,RU,56.28,41.29,39.67,80,96,9.69,overcast clouds
630,Abalak,RU,58.13,68.59,39.0,94,100,8.21,overcast clouds
631,Petropavlovsk-Kamchatskiy,RU,53.05,158.65,23.0,92,32,4.47,scattered clouds
632,Ashtian,IR,34.52,50.0,38.97,68,63,1.5,broken clouds
633,Den Helder,NL,52.96,4.76,51.01,87,75,6.93,broken clouds
634,Kathu,TH,7.92,98.33,84.99,88,20,2.24,few clouds
635,Klyuchi,RU,52.27,79.17,39.16,72,63,7.25,broken clouds
636,Gisborne,NZ,-38.65,178.0,55.0,99,72,1.99,broken clouds
637,Sorland,NO,67.67,12.69,46.4,75,75,27.51,shower rain
638,Tete,MZ,-16.16,33.59,96.8,23,20,3.36,few clouds
639,Rocha,UY,-34.48,-54.33,70.99,71,68,10.6,light rain
640,Hazaribag,IN,23.98,85.35,59.86,53,0,3.69,clear sky
641,Bilma,NE,18.69,12.92,72.48,21,15,6.44,few clouds
642,Sulangan,PH,11.14,123.72,83.07,77,99,16.98,moderate rain
643,Tsumeb,NA,-19.23,17.72,84.18,15,0,9.28,clear sky
644,Dehui,CN,44.53,125.7,41.0,30,40,4.47,scattered clouds
645,Batsfjord,NO,70.63,29.72,33.8,85,75,25.28,broken clouds
646,Manbij,SY,36.53,37.95,57.2,87,75,2.24,broken clouds
647,Paita,PE,-5.09,-81.11,75.2,60,0,13.87,clear sky
648,Vanavara,RU,60.34,102.28,-4.22,91,0,3.98,clear sky
649,Rongcheng,CN,30.63,117.85,59.16,67,0,1.1,light rain
650,Todos Santos,MX,23.45,-110.22,82.0,78,0,1.01,clear sky
651,Aasiaat,GL,68.71,-52.87,6.26,91,49,16.8,scattered clouds
652,Victor Harbor,AU,-35.57,138.62,55.0,82,29,8.23,scattered clouds
653,Mercedes,AR,-34.65,-59.43,81.0,40,41,5.99,scattered clouds
654,Zhanakorgan,KZ,43.91,67.25,48.76,37,23,8.1,few clouds
655,Shirokiy,RU,49.76,129.52,24.28,98,94,3.15,overcast clouds
656,Sangar,RU,63.92,127.47,-3.19,90,99,0.72,overcast clouds
657,Ust-Ilimsk,RU,58.0,102.66,1.71,93,40,3.83,scattered clouds
658,Rio Gallegos,AR,-51.62,-69.22,59.0,30,40,11.41,scattered clouds
659,Carroll,US,39.55,-77.02,72.0,37,1,5.82,clear sky
660,Pietarsaari,FI,63.65,22.68,51.8,71,0,13.87,clear sky
661,Myrtle Beach,US,33.69,-78.89,75.0,83,40,11.41,scattered clouds
662,Adrar,MR,20.5,-10.07,90.79,18,38,4.85,scattered clouds
663,Manokwari,ID,-0.87,134.08,80.49,75,100,6.4,overcast clouds
664,Lorengau,PG,-2.02,147.27,80.71,79,100,8.46,overcast clouds
665,Mildura,AU,-34.2,142.15,51.8,71,0,6.93,clear sky
666,Dhidhdhoo,MV,6.88,73.1,83.79,72,91,5.7,overcast clouds
667,Nishihara,JP,26.18,127.76,77.0,94,20,3.36,few clouds
668,Garowe,SO,8.41,48.48,78.58,51,21,15.86,few clouds
669,Maralal,KE,1.1,36.7,62.53,88,100,8.32,light rain
670,Marzuq,YE,14.4,46.47,64.54,57,0,4.16,clear sky
671,Zamania,IN,25.43,83.57,67.1,40,0,3.65,clear sky
672,Zharkovskiy,RU,55.85,32.27,42.31,77,82,8.3,broken clouds
673,Dongsheng,CN,39.82,109.98,32.81,77,0,13.98,clear sky
674,Jadu,LY,31.95,12.03,61.9,67,0,8.21,clear sky
675,Batagay-Alyta,RU,67.8,130.41,-14.96,87,84,0.78,broken clouds
676,Pailon,BO,-17.65,-62.75,98.6,41,0,9.17,smoke
677,Batagay,RU,67.63,134.63,-25.58,84,1,1.19,clear sky
678,Portland,US,45.52,-122.68,48.2,93,90,9.17,overcast clouds
679,Road Town,VG,18.42,-64.62,86.0,66,40,8.05,scattered clouds
680,Merano,IT,46.67,11.16,48.99,93,0,1.12,clear sky
681,Desaguadero,PE,-16.57,-69.04,60.4,30,0,15.64,clear sky
682,Agbor,NG,6.25,6.19,79.45,70,47,1.54,scattered clouds
683,Jalu,LY,29.03,21.55,69.73,51,99,7.23,overcast clouds
